command,mean,stddev,median,user,system,min,max,parameter_iterations
Graal-EE,0.5002497166400001,0.0023278275809256906,0.5001261976400001,0.45869620000000005,0.04589004,0.49701786614000004,0.50569835414,1
