command,mean,stddev,median,user,system,min,max,parameter_iterations
Graal-CE,0.6493049549500001,0.002563565959182684,0.6491397582,0.59877968,0.05548066999999999,0.6444241092,0.6552839422000001,1
