command,mean,stddev,median,user,system,min,max,parameter_iterations
Graal-EE-PGO,0.42725766481000005,0.0020366771104141862,0.4274985532600001,0.37442092000000005,0.05710883,0.42291345376000006,0.43115261976,1
