command,mean,stddev,median,user,system,min,max,parameter_iterations
Graal-EE-G1,0.55384083575,0.0024463523724905,0.5537560744000001,0.4927209799999999,0.14767730999999998,0.5491131679,0.5576810399000001,1
