command,mean,stddev,median,user,system,min,max,parameter_iterations
JDK24-Default,4.1595243773299995,0.041660606924356726,4.160156605979999,20.432809640000002,0.88823434,4.09502406798,4.26653070998,1
