command,mean,stddev,median,user,system,min,max,parameter_iterations
JDK24-Static-CDS,2.54061950856,0.02157636636148384,2.54296527566,17.70384438,0.79642276,2.50140401216,2.5759135341599997,1
