command,mean,stddev,median,user,system,min,max,parameter_iterations
JDK24-Dynamic-CDS,2.6787090797,0.03526393362317834,2.6700085871,17.979214559999996,0.8735627900000003,2.6361144221,2.7579318661,1
