command,mean,stddev,median,user,system,min,max,parameter_iterations
JDK24-JEP483,2.3428904681900002,0.033909406601578235,2.34152739404,16.17139353,0.75764994,2.28687361254,2.40802860454,1
