command,mean,stddev,median,user,system,min,max,parameter_iterations
JDK21-Default,4.171429375329999,0.062268777032234816,4.1580728671800005,21.97194778,1.0156275000000001,4.05670933568,4.31455025268,1
