command,mean,stddev,median,user,system,min,max,parameter_iterations
Leyden-Premain,1.52358016073,0.020147597995068683,1.5181814510800002,3.6551467699999995,0.34688224,1.49531655958,1.57053269458,1
