command,mean,stddev,median,user,system,min,max,parameter_iterations
Graal-EE,0.5059991180600001,0.009493304493304095,0.51157946706,0.43761418999999996,0.07034886,0.49324925006000003,0.5165225600600001,1
