command,mean,stddev,median,user,system,min,max,parameter_iterations
Graal-EE-G1-PGO,0.4376814370300002,0.0028317735899543537,0.43736258358,0.37147826,0.08628936,0.43361539858000003,0.44243909558,1
