command,mean,stddev,median,user,system,min,max,parameter_iterations
Graal-EE-G1,0.51756913391,0.01002620522162468,0.51329353376,0.4545599100000001,0.08957773,0.50683090476,0.53149967776,1
