command,mean,stddev,median,user,system,min,max,parameter_iterations
Graal-CE,0.64547324364,0.0018156742158930378,0.64571284504,0.5671532999999999,0.08089584,0.64245876504,0.64874812004,1
