command,mean,stddev,median,user,system,min,max,parameter_iterations
Graal-EE-PGO,0.42193560354,0.001183433044438927,0.42246962664000004,0.36283085,0.061068269999999994,0.41997463864,0.42379001964,1
