command,mean,stddev,median,user,system,min,max,parameter_iterations
JDK24-Default,5.3968190694099984,0.07425840673315044,5.42735396546,9.858764090000001,0.32022823999999994,5.25755018796,5.517774763959999,1
