command,mean,stddev,median,user,system,min,max,parameter_iterations
JDK24-JEP483,3.3397595549099997,0.08826387524354323,3.35339095206,5.99609708,0.21820871,3.1776652890599997,3.49794674906,1
