command,mean,stddev,median,user,system,min,max,parameter_iterations
JDK21-Default,5.351254547300002,0.061807272738914,5.3585238639,9.803820329999999,0.35611609,5.1830912939000005,5.4458309929,1
