command,mean,stddev,median,user,system,min,max,parameter_iterations
JDK24-Static-CDS,3.580460175489999,0.06991935926553636,3.58750575924,6.5400986,0.23487848999999997,3.4463979617400002,3.69206615074,1
