command,mean,stddev,median,user,system,min,max,parameter_iterations
Leyden-Premain-PreloadOnly,12.773712224919999,0.05257057141675328,12.75781789082,12.836973480000001,0.15049338,12.71443581482,12.88934532982,1
