command,mean,stddev,median,user,system,min,max,parameter_iterations
Leyden-Premain,3.6574062431600005,0.08339933151454232,3.6335262999599998,6.803112619999998,0.21553201,3.52915269146,3.81776185546,1
