command,mean,stddev,median,user,system,min,max,parameter_iterations
Graal-EE,0.50482788967,0.010182564325147638,0.50425301112,0.43744147,0.06932200999999998,0.49335729362,0.51967667562,1
