command,mean,stddev,median,user,system,min,max,parameter_iterations
Graal-EE-G1-PGO,0.43798696741,0.004548235045472136,0.43663440916,0.3798181299999999,0.07729751,0.43349068466,0.45446862966,1
