command,mean,stddev,median,user,system,min,max,parameter_iterations
Graal-EE-PGO,0.4219062167099999,0.0019062914373528174,0.42178200956,0.35693025000000006,0.06693453,0.41939849056,0.42599133056000005,1
