command,mean,stddev,median,user,system,min,max,parameter_iterations
Graal-EE-G1,0.5131534603100002,0.009051553134665578,0.50833085816,0.4423672499999999,0.09466682,0.5056350256600001,0.53077296166,1
