command,mean,stddev,median,user,system,min,max,parameter_iterations
Graal-CE,0.6464277199999999,0.002308378119603494,0.6458786165,0.56503424,0.08393677000000001,0.643031804,0.650575865,1
