command,mean,stddev,median,user,system,min,max,parameter_iterations
JDK24-JEP483,3.2831711182599994,0.049520130760837215,3.2768831579599995,5.816462179999999,0.2211167,3.21260454896,3.3760897859599996,1
