command,mean,stddev,median,user,system,min,max,parameter_iterations
JDK24-Default,5.344866596739999,0.06708541987399501,5.33660934134,9.63768137,0.29469332000000004,5.1730695318399995,5.43810753984,1
