command,mean,stddev,median,user,system,min,max,parameter_iterations
JDK24-Dynamic-CDS,3.7096504438200006,0.04939579315801033,3.71987740252,6.70540611,0.22010965,3.61971934002,3.80518895902,1
