command,mean,stddev,median,user,system,min,max,parameter_iterations
JDK21-Default,5.190486784300001,0.052948947169466055,5.187663067800001,9.334459779999998,0.31342394,5.096694390800001,5.3116172898,1
